Ticker,Rating
BCM,B
VHM,B
VIC,B
VRE,B
AGG,B
CCL,B
CKG,B
CRE,B
CRV,B
D2D,B
DIG,B
DRH,B
DTA,B
DXG,B
DXS,B
FDC,B
FIR,B
HAR,B
HDC,B
HDG,B
HPX,B
HQC,B
HTN,C
IJC,B
ITC,B
KBC,C
KDH,B
KHG,B
KOS,B
LDG,C
LGL,C
LHG,B
NBB,C
NLG,B
NTC,B
NTL,A
NVL,B
NVT,B
PDR,C
PTL,B
QCG,B
SCR,B
SGR,B
SIP,B
SJS,B
SZC,B
SZL,B
TAL,B
TCH,B
TDC,B
TDH,C
TEG,B
TIP,B
TIX,B
TN1,B
VPH,B
VPI,B
VRC,B
AAV,B
API,B
BSC,B
CEO,B
D11,B
DTD,B
HLD,C
IDC,A
IDJ,B
IDV,B
KSF,B
NDN,B
NRC,B
PV2,B
RCL,B
SZB,B
THD,B
TIG,B
V21,B
VC3,B
BVL,B
C21,B
CK8,C
CNT,B
DCH,B
EFI,B
FCC,A
HD2,B
HD6,B
HD8,B
HPI,B
HRB,B
HU6,B
ITA,B
LEC,B
LMH,B
LSG,B
MA1,A
MBT,B
MGR,B
MH3,B
PIV,C
PRT,B
PVL,B
PVR,B
PWA,B
PXA,C
PXL,B
SID,B
SLD,B
SSH,B
SZG,B
TBR,B
TID,B
TV6,C
VCR,C
VEF,B
VES,B
VGV,B
VHD,C
VNI,B
VRG,B
XDH,B
ABR,B
APH,B
ASG,B
CLL,B
DVP,B
GEE,B
GEX,B
GMD,B
GSP,B
HAH,A
HTV,B
ILB,B
L10,B
MCP,B
MHC,B
NCT,A
NO1,B
PAC,B
PDN,A
PDV,B
PJT,B
PVP,B
PVT,B
QNP,B
SBG,B
SFI,B
SGN,A
SRF,C
STG,B
SVI,B
TCL,B
TDP,B
TMS,B
TV2,B
TYA,B
VIP,B
VNL,B
VOS,B
VSC,B
VTB,B
VTO,B
VTP,B
AME,B
ARM,B
BBS,B
BPC,B
BXH,B
CAG,B
CAR,B
CCR,A
CDN,A
CIA,B
CJC,B
CMC,B
CTB,B
CTT,B
DHP,B
DL1,B
DS3,B
DXP,B
GIC,B
HCT,B
HMH,B
INN,B
IPA,B
MAC,B
NAG,B
NAP,B
PBP,B
PCT,B
PHN,A
PMP,B
PMS,B
PPE,B
PPS,B
PRC,B
PSC,B
PTS,B
QHD,B
SDA,C
SDC,B
SDG,B
SFN,B
STP,B
TJC,B
TOT,A
TPP,B
TSB,B
TV4,B
VBC,B
VCM,B
VGP,B
VMS,B
VNC,B
VNF,B
VNT,B
VSA,B
VSM,A
VTH,B
WCS,B
ACV,A
AMS,B
APL,B
BAL,B
BBH,B
BMD,B
BRS,B
BTG,B
BTH,A
BTU,B
CCP,A
CCS,B
CCT,B
CDH,B
CFM,B
CKA,B
CKD,B
CMK,B
CMP,B
CPI,B
CQN,B
DDH,B
DDM,B
DNE,B
DNL,B
DOP,A
DPC,B
DUS,B
DZM,C
EME,B
EMG,A
EMS,B
FBC,B
FSO,B
FT1,A
HBD,B
HEC,B
HEP,B
HHN,B
HLO,B
HLS,B
HNB,B
HPB,B
HPO,B
ILC,B
ILS,B
IME,B
ISG,B
IST,B
ITS,B
KIP,B
L35,B
L61,C
L62,C
L63,B
LLM,B
LM7,B
LMI,B
LO5,B
LPT,B
MBN,B
MDA,B
MIE,B
MLC,A
MND,B
MPY,B
MQB,B
MQN,B
MTB,B
MTH,B
MTL,B
MTS,B
MTV,B
MVN,B
NAS,B
NAU,B
NOS,B
NUE,B
PAP,B
PBT,B
PEC,B
PHP,A
PNP,B
PQN,B
PSN,B
PSP,B
PTT,B
PVM,B
QNU,B
QSP,B
RAT,B
SAC,B
SAL,B
SCO,B
SDK,B
SDV,B
SGP,B
SGS,B
SHC,B
SSG,B
STS,B
SVG,B
SWC,A
SZE,B
TAB,B
TB8,B
TBD,B
TCW,B
TGP,B
THU,B
TIE,B
TKA,B
TNP,B
TR1,B
TRS,B
TSG,B
TUG,B
TV1,B
TVM,B
UCT,B
UDL,A
UEM,B
USD,B
UTT,B
VBH,B
VCT,C
VEA,B
VFC,B
VFR,B
VGR,A
VHG,B
VIN,B
VLG,B
VLP,B
VMT,B
VNA,B
VPA,B
VQC,B
VSE,B
VSG,C
VST,B
VTK,B
VTX,C
VXT,B
WTC,B
DGC,B
FPT,A
GAS,A
GVR,B
HPG,B
MSN,B
MWG,B
PLX,B
SAB,B
SSI,B
VJC,B
VNM,A
AAA,B
AAM,B
AAT,B
ABS,B
ABT,A
ACC,B
ACG,B
ACL,B
ADG,B
ADP,A
ADS,B
AGR,B
ANV,B
APG,B
ASM,B
ASP,B
AST,A
BAF,B
BBC,B
BCE,B
BCG,B
BFC,A
BHN,B
BIC,B
BKG,B
BMC,B
BMI,B
BMP,B
BRC,B
BSI,B
BSR,B
BTP,B
BTT,B
BVH,B
BWE,B
C32,B
C47,B
CCC,B
CCI,B
CDC,B
CHP,B
CIG,B
CII,B
CLC,B
CLW,B
CMG,B
CMV,B
CMX,B
CNG,B
COM,B
CRC,B
CSM,B
CSV,A
CTD,B
CTF,B
CTI,B
CTR,B
CTS,B
CVT,B
DAH,B
DAT,B
DBC,B
DBD,B
DBT,B
DC4,B
DCL,B
DCM,B
DGW,B
DHA,B
DHC,B
DHG,B
DHM,B
DLG,B
DMC,B
DPG,B
DPM,B
DPR,B
DQC,B
DRC,B
DRL,B
DSC,B
DSE,B
DSN,B
DTL,B
DTT,B
DXV,B
ELC,B
EVE,B
EVF,B
EVG,B
FCM,B
FCN,B
FIT,B
FMC,A
FRT,B
FTS,B
GDT,A
GEG,B
GIL,B
GMH,B
GTA,B
HAG,B
HAP,B
HAS,C
HAX,A
HCD,B
HCM,B
HHP,B
HHS,B
HHV,B
HID,B
HII,B
HMC,B
HNA,B
HRC,B
HSG,B
HSL,B
HT1,B
HTG,B
HTI,B
HTL,B
HU1,B
HUB,B
HVH,B
HVN,B
HVX,B
ICT,B
IDI,B
IMP,A
ITD,B
JVC,B
KDC,B
KHP,B
KMR,B
KSB,B
LAF,A
LBM,A
LCG,B
LGC,B
LIX,A
LM8,B
LSS,B
MCM,B
MDG,B
MIG,B
MSH,B
NAF,B
NAV,B
NHA,B
NHH,A
NHT,B
NKG,B
NNC,B
NSC,B
NT2,B
OGC,B
OPC,B
ORS,B
PAN,B
PC1,B
PET,B
PGC,B
PGD,B
PGI,B
PGV,B
PHC,B
PHR,B
PIT,B
PLP,B
PMG,B
PNC,B
PNJ,B
POW,B
PPC,B
PTB,B
PTC,B
PVD,B
RAL,B
REE,B
RYG,B
S4A,B
SAM,B
SAV,A
SBA,B
SBT,B
SBV,B
SC5,B
SCS,B
SFC,B
SFG,B
SGT,B
SHA,B
SHI,B
SHP,A
SJD,B
SKG,B
SMA,B
SMB,A
SMC,B
SPM,B
SRC,B
SSC,B
ST8,B
STK,B
SVC,B
SVD,B
SVT,B
TBC,A
TCD,B
TCI,B
TCM,B
TCO,B
TCR,B
TCT,B
TCX,B
TDG,B
TDM,B
TDW,B
THG,B
TLD,B
TLG,A
TLH,B
TMP,A
TMT,B
TNC,B
TNH,B
TNI,B
TNT,B
TPC,B
TRA,B
TRC,A
TSC,B
TTA,B
TTE,C
TTF,B
TVB,B
TVS,B
TVT,B
UIC,A
VAF,B
VCA,B
VCF,B
VCG,B
VCI,B
VDP,B
VDS,B
VFG,A
VGC,B
VHC,A
VID,B
VIX,B
VMD,B
VND,B
VNE,C
VNG,B
VNS,B
VPD,A
VPG,B
VPL,B
VPS,B
VSH,B
VSI,B
YBM,B
YEG,B
ADC,B
ALT,B
AMC,B
AMV,B
APS,B
ATS,B
BAX,B
BCC,B
BCF,A
BED,A
BKC,A
BNA,B
BTS,B
BTW,A
BVS,B
C69,B
CAN,B
CAP,B
CET,B
CKV,B
CLH,A
CLM,B
CMS,B
CPC,B
CSC,B
CST,B
CTP,B
CX8,B
DAD,B
DAE,B
DC2,B
DDG,C
DHT,B
DIH,B
DNC,A
DNP,B
DP3,B
DST,B
DTG,B
DTK,B
DVM,B
EBS,B
ECI,C
EID,A
EVS,B
FID,B
GDW,A
GKM,B
GLT,B
GMA,B
GMX,B
HAD,B
HAT,B
HBS,B
HCC,B
HDA,B
HEV,B
HGM,B
HHC,B
HJS,B
HKT,B
HLC,B
HMR,B
HOM,B
HTC,B
HUT,B
HVT,B
ICG,B
INC,B
ITQ,B
IVS,B
KDM,B
KHS,B
KKC,B
KMT,B
KSD,B
KST,B
KSV,B
KTS,B
L14,B
L18,B
L40,B
LAS,B
LBE,B
LCD,B
LDP,B
LHC,B
LIG,B
MAS,A
MBG,B
MBS,B
MCC,B
MCF,B
MCO,B
MDC,B
MED,B
MEL,B
MIC,B
MKV,B
MST,B
MVB,B
NBC,B
NBP,B
NBW,B
NDX,B
NET,A
NFC,A
NHC,B
NSH,B
NST,B
NTH,A
NTP,B
OCH,B
ONE,B
PCE,B
PCH,B
PDB,B
PEN,B
PGN,B
PGS,B
PGT,B
PIA,B
PIC,B
PJC,B
PLC,B
PMB,B
PMC,A
POT,B
PPP,B
PPT,B
PPY,B
PRE,B
PSD,B
PSE,B
PSI,B
PSW,B
PTD,B
PTI,B
PTX,B
PVB,B
PVC,B
PVG,B
PVI,B
PVS,B
QST,B
QTC,B
S55,B
S99,B
SAF,A
SCG,B
SCI,C
SD5,B
SD9,B
SDN,B
SDU,B
SEB,A
SED,B
SGC,A
SGD,B
SGH,B
SHE,B
SHN,C
SHS,B
SJ1,B
SJE,B
SLS,B
SMN,B
SMT,B
SPC,B
SRA,B
SSM,B
STC,B
SVN,B
TA9,B
TBX,B
TDT,B
TET,B
TFC,A
THB,B
THS,B
THT,B
TKU,B
TMB,B
TMC,B
TMX,B
TNG,B
TTC,B
TTH,B
TTL,B
TTT,B
TV3,B
TVC,B
TVD,B
TXM,B
UNI,B
V12,B
VC1,B
VC2,B
VC6,B
VC7,B
VC9,B
VCC,B
VCS,B
VDL,B
VE1,B
VE3,B
VE4,B
VFS,B
VGS,B
VHE,B
VHL,B
VIF,B
VIG,B
VIT,B
VLA,B
VMC,B
VNR,B
VTC,B
VTJ,B
VTV,B
VTZ,B
WSS,B
X20,B
A32,B
AAH,B
AAS,B
ABC,B
ABI,B
ABW,B
ACE,B
ACM,B
ACS,B
AFX,B
AG1,B
AGF,B
AGM,C
AGP,B
AGX,A
AIC,B
AIG,B
ALV,B
AMP,B
ANT,B
APC,B
APF,B
APP,B
APT,B
ART,B
ATA,C
ATB,B
ATG,B
AVC,A
AVG,B
BBM,B
BBT,B
BCA,C
BCB,B
BCP,B
BCR,B
BCV,B
BDG,A
BDT,B
BDW,B
BEL,C
BGE,B
BGW,B
BHA,B
BHC,B
BHG,B
BHI,B
BHK,B
BHP,B
BIG,B
BIO,B
BLF,B
BLI,B
BLN,B
BLT,B
BMF,B
BMG,B
BMJ,B
BMS,B
BMV,B
BNW,B
BOT,B
BQB,B
BRR,B
BSA,B
BSD,B
BSG,B
BSH,B
BSL,B
BSP,B
BSQ,B
BT1,B
BT6,C
BTB,B
BTD,B
BTN,C
BTV,B
BVG,B
BVN,A
BWA,B
BWS,A
C22,B
C4G,B
C92,B
CAD,B
CAT,B
CBI,B
CBV,B
CC1,B
CCA,B
CCM,B
CCV,B
CDG,B
CDO,B
CDP,B
CDR,B
CEN,B
CFV,A
CGV,B
CH5,B
CHC,B
CHS,B
CI5,B
CID,B
CIP,B
CLX,B
CMD,B
CMF,A
CMI,C
CMM,B
CMN,B
CMT,B
CMW,B
CNA,B
CNC,B
CNN,B
CPA,B
CPH,B
CQT,B
CSI,C
CT3,B
CT6,B
CTC,B
CTW,A
CTX,B
CVN,B
CYC,C
DAC,B
DAN,B
DAS,B
DBM,B
DC1,B
DCF,B
DCG,B
DCR,B
DCS,B
DCT,C
DDB,B
DDN,B
DDV,B
DFC,B
DFF,C
DGT,B
DHB,B
DHD,A
DHN,A
DIC,C
DID,B
DKC,B
DKG,B
DKW,B
DLD,B
DLR,B
DLT,B
DM7,A
DMN,B
DMS,B
DNA,A
DND,B
DNH,B
DNM,B
DNN,B
DNT,B
DNW,B
DOC,B
DP1,B
DP2,B
DPH,B
DPP,B
DRG,B
DRI,A
DSD,B
DSG,B
DSP,B
DTC,B
DTH,B
DTI,B
DTP,B
DVC,B
DVG,B
DVN,B
DVW,A
DWC,B
DWS,B
DXL,B
E12,B
E29,B
ECO,B
EIC,B
EIN,B
F88,B
FCS,B
FGL,C
FHN,B
FHS,B
FIC,B
FOC,B
FOX,B
FRC,B
FRM,B
FTI,B
FTM,C
G36,B
GCB,B
GCF,B
GDA,B
GER,B
GGG,C
GH3,B
GHC,B
GLC,B
GLW,B
GMC,C
GND,B
GPC,B
GSM,B
GTD,B
GTS,B
GVT,B
H11,B
HAC,B
HAF,B
HAI,B
HAM,B
HAN,B
HBC,B
HBH,B
HC1,B
HC3,B
HCI,C
HCO,B
HDM,B
HDP,B
HDW,B
HEJ,B
HES,B
HFB,B
HFC,B
HFX,C
HGT,B
HHG,B
HIO,B
HJC,B
HKB,B
HLB,A
HLY,C
HMD,B
HMG,B
HMS,B
HND,B
HNF,B
HNG,C
HNI,A
HNM,B
HNP,B
HNR,B
HOT,B
HPD,B
HPH,B
HPP,B
HPW,B
HSM,B
HSP,B
HSV,B
HTE,B
HTM,B
HTP,C
HTT,B
HU3,B
HU4,B
HUG,A
HVA,B
HWS,B
IBD,A
ICC,B
ICF,B
ICI,B
ICN,B
IDP,B
IFS,A
IHK,B
ILA,B
IN4,A
ING,C
IRC,B
ISH,B
JOS,C
KCB,B
KGM,B
KHD,B
KHW,A
KPF,B
KSH,B
KSQ,B
KTC,B
KTL,B
KVC,B
KWA,B
L12,B
L43,C
L45,C
LAI,B
LAW,B
LCM,B
LDW,B
LG9,B
LIC,B
LKW,B
LM3,C
LMC,B
LNC,B
LQN,C
M10,B
MCG,C
MCH,A
MDF,B
MEC,C
MEF,A
MES,B
MFS,B
MGC,B
MGG,B
MKP,B
MLS,A
MML,B
MNB,B
MPC,B
MPT,B
MRF,B
MSR,B
MTA,B
MTG,B
MTP,B
MVC,B
MZG,B
NAC,B
NAW,B
NBE,B
NBT,A
NCG,B
NCS,B
ND2,B
NDC,A
NDP,B
NDT,B
NDW,B
NED,B
NHD,B
NJC,B
NLS,B
NNT,A
NQB,B
NQN,B
NS2,B
NSG,C
NSL,A
NSS,B
NTF,B
NTT,B
NTW,B
NVP,B
NWT,B
NXT,B
ODE,B
OIL,B
ONW,B
PAI,B
PAS,B
PAT,A
PBC,B
PCC,B
PCF,B
PCG,B
PCM,B
PDC,B
PEG,B
PEQ,B
PFL,B
PHH,B
PHS,B
PIS,B
PJS,A
PLA,B
PLE,B
PMJ,B
PMT,B
PMW,A
PND,B
PNG,B
PNT,B
POB,B
POM,C
POS,B
POV,B
PPH,B
PRO,B
PSB,B
PSH,C
PSL,B
PTE,C
PTG,A
PTH,B
PTO,B
PTP,B
PTV,B
PVA,B
PVE,B
PVH,B
PVO,B
PVV,C
PVX,B
PVY,B
PWS,B
PXI,B
PXM,C
PXS,B
PXT,B
QBS,B
QCC,B
QHW,B
QNC,B
QNS,A
QNT,B
QNW,A
QPH,B
QTP,B
RBC,B
RCC,B
RIC,B
RTB,A
S12,C
S72,B
S74,B
SAP,C
SAS,A
SB1,B
SBB,B
SBD,B
SBH,B
SBL,B
SBM,A
SBR,B
SBS,B
SCC,B
SCD,C
SCJ,B
SCL,B
SD2,B
SD3,B
SD4,C
SD6,B
SD7,B
SDD,C
SDP,C
SDT,B
SDY,C
SEA,B
SEP,B
SGI,B
SGV,B
SHG,C
SIG,B
SII,A
SIV,B
SJF,B
SJG,B
SJM,B
SKH,B
SKN,B
SKV,B
SNC,B
SNZ,B
SP2,B
SPB,B
SPD,B
SPH,B
SPV,B
SQC,B
SRB,B
SST,B
STD,B
STH,B
STT,B
STW,A
SVH,B
TA6,B
TAN,A
TAR,B
TAW,B
TBW,A
TCJ,B
TCK,B
TDB,A
TDF,B
TDS,B
TED,B
TEL,B
TGG,B
TH1,B
THM,B
THN,B
THP,B
THW,B
TIS,B
TL4,B
TLI,B
TLL,B
TLP,B
TLT,B
TMG,B
TMW,B
TNA,C
TNB,B
TNS,B
TNW,B
TOS,B
TOW,A
TPS,A
TQN,B
TQW,B
TRT,B
TS3,B
TS4,C
TSA,B
TSD,A
TSJ,B
TT6,B
TTB,B
TTD,A
TTG,B
TTN,B
TTS,B
TVA,B
TVG,B
TVH,B
TVN,B
TW3,B
UDC,C
UDJ,B
UMC,B
UPC,B
UPH,B
USC,B
UXC,C
VAV,A
VBG,B
VCE,B
VCP,B
VCW,B
VCX,B
VDB,B
VDG,B
VDN,B
VDT,B
VE2,C
VE8,C
VE9,B
VEC,B
VET,B
VGG,B
VGI,A
VGL,A
VGT,B
VHF,B
VHH,B
VIE,B
VIH,B
VIM,B
VIR,B
VIW,B
VKC,C
VLB,A
VLC,B
VLW,A
VMA,B
VMG,B
VMK,B
VNB,B
VNH,B
VNP,B
VNX,A
VNY,B
VNZ,B
VOC,B
VPC,B
VPR,B
VPW,B
VSF,B
VSN,B
VTA,B
VTD,C
VTE,B
VTG,B
VTI,B
VTM,B
VTQ,B
VTR,B
VTS,B
VUA,B
VUG,B
VVN,C
VVS,B
VW3,B
VWS,B
VXB,C
VXP,B
WSB,B
X26,B
X77,C
XHC,B
XLV,B
XMC,B
XMD,B
XMP,B
XPH,B
YBC,B
YTC,B
ACB,A
BID,B
CTG,B
HDB,A
LPB,A
MBB,A
SHB,B
SSB,A
STB,A
TCB,A
TPB,A
VCB,A
VIB,B
VPB,A
EIB,B
MSB,A
NAB,A
OCB,B
VAB,B
BAB,B
NVB,C
ABB,B
BVB,B
KLB,B
PGB,B
SGB,B
VBB,B
